,Name,Birth
0,강민호,19850818
1,강준서,20001013
2,강한울,19910912
3,공민규,19990927
4,구자욱,19930212
5,김대우,19881121
6,김도환,20000414
7,김동엽,19900724
8,김동진,19961218
9,김민수,19910302
10,김민호,20031228
11,김상민,20031206
12,김서준,20030901
13,김성윤,19990202
14,김시온,20031030
15,김시현,19980926
16,김영웅,20030824
17,김용하,19990727
18,김재상,20040726
19,김재성,19961030
20,김준우,19990531
21,김지찬,20010308
22,김태우,19990915
23,김태훈,19920302
24,김태훈,19960331
25,김헌곤,19881109
26,김현준,20021011
27,김호재,19950531
28,노건우,19891022
29,류승민,20041011
30,류지혁,19940113
31,맹성주,19990907
32,문용익,19950204
33,박권후,20040528
34,박세웅,19960510
35,박시원,20040316
36,박용민,19990320
37,박장민,20030902
38,박주혁,20010518
39,박진우,20031014
40,백정현,19870713
41,뷰캐넌,19890511
42,서주원,19990131
43,서현원,20040228
44,송준석,19940504
45,수아레즈,19891008
46,신윤호,20040908
47,신정환,20030428
48,안주형,19930814
49,양우현,20000413
50,양창섭,19990922
51,오승환,19820715
52,오재일,19861029
53,오현석,20010305
54,와이드너,19941024
55,우규민,19850121
56,원태인,20000406
57,윤정빈,19990624
58,윤정훈,20030706
59,이병헌,19991026
60,이상민,19901104
61,이성규,19930803
62,이승현,20020519
63,이승현,19911120
64,이재익,19940318
65,이재현,20030204
66,이재희,20011011
67,이태훈,19950403
68,이해승,20000801
69,이호성,20040814
70,장재혁,20020816
71,장필준,19880408
72,정진수,19970925
73,조민성,20031022
74,최지광,19980313
75,최채흥,19950122
76,최충연,19970305
77,최하늘,19990326
78,피렐라,19891121
79,한연욱,20010211
80,허윤동,20010619
81,홍무원,20020111
82,홍승원,20011206
83,홍원표,20010327
84,홍정우,19960316
85,황동재,20011103
